Item,Category,Scrap,High Quality Metal,Tech Trash,Rifle Body,SMG Body,Semi Automatic Body,Gears,Metal Spring,Sheet Metal,Metal Pipe,Road Signs,Metal Blade,Empty Propane Tank,Metal Fragments,Gun Powder,Sulfur,Explosives,Tarp,Wood,Cloth,Sewing Kit,Targeting Computer,CCTV Camera,Rope,Low Grade Fuel,Bone Fragments,Leather,Pumpkin,Crude Oil,Stones,RF Broadcaster,RF Receiver,Wolf Skull,Glue,Charcoal,Raw Human Meat,Animal Fat,Burst Module,Wooden Ladder,Medical Syringe,Beancan Grenade,Small Stash,Human Skull,Wooden Spear,Electric Fuse,Empty Tuna Can
12 Gauge Buckshot,Ammunition,,,,,,,,,,,,,,2.0,3.0,,,,,,,,,,,,,,,,,,,,,,,,,,,,,,,
12 Gauge Incendiary Shell,Ammunition,,,,,,,,,,,,,,2.0,3.0,6.0,,,,,,,,,,,,,,,,,,,,,,,,,,,,,,
12 Gauge Slug,Ammunition,,,,,,,,,,,,,,2.0,3.0,,,,,,,,,,,,,,,,,,,,,,,,,,,,,,,
40mm HE Grenade,Explosive,,,,,,,,,,0.3,,,,,9.0,,0.3,,,,,,,,,,,,,,,,,,,,,,,,,,,,,
40mm Shotgun Round,Ammunition,,,,,,,,,,,,,,2.0,5.0,,,,,,,,,,,,,,,,,,,,,,,,,,,,,,,
40mm Smoke Grenade,Ammunition,,,,,,,,,,0.3,,,,,9.0,,,,,,,,,,,,,,,,,,,,,,,,,,,,,,,
5.56 Rifle Ammo,Ammunition,,,,,,,,,,,,,,2.0,1.0,,,,,,,,,,,,,,,,,,,,,,,,,,,,,,,
8x Zoom Scope,Attachment,,30.0,,,,,,,,,,,,,,,,,,,,,,,,,,,,,,,,,,,,,,,,,,,,
AND Switch,Electrical,,,,,,,,,,,,,,60.0,,,,,,,,,,,,,,,,,,,,,,,,,,,,,,,,
Above Ground Pool,Fun,,,,,,,,,,,,,,120.0,,,,2.0,300.0,,,,,,,,,,,,,,,,,,,,,,,,,,,
Acoustic Guitar,Fun,,,,,,,,,,,,,,,,,,,60.0,6.0,,,,,,,,,,,,,,,,,,,,,,,,,,
Advent Calendar,Items,,,,,,,,,,,,,,,,,,,60.0,12.0,,,,,,,,,,,,,,,,,,,,,,,,,,
Arctic Scientist Suit,Attire,,5.0,,,,,,,,,,,,,,,,3.0,,,2.0,,,,,,,,,,,,,,,,,,,,,,,,,
Armored Cockpit Vehicle Module,Component,,3.0,,,,,,,,,,,,90.0,,,,,,,,,,,,,,,,,,,,,,,,,,,,,,,,
Armored Door,Construction,,12.0,,,,,3.0,,,,,,,,,,,,,,,,,,,,,,,,,,,,,,,,,,,,,,,
Armored Double Door,Construction,,15.0,,,,,3.0,,,,,,,,,,,,,,,,,,,,,,,,,,,,,,,,,,,,,,,
Armored Passenger Vehicle Module,Component,,3.0,,,,,,,,,,,,90.0,,,,,,,,,,,,,,,,,,,,,,,,,,,,,,,,
Assault Rifle,Gun,,30.0,,0.6,,,,3.0,,,,,,,,,,,120.0,,,,,,,,,,,,,,,,,,,,,,,,,,,
Audio Alarm,Electrical,,,,,,,,,,,,,,45.0,,,,,,,,,,,,,,,,,,,,,,,,,,,,,,,,
Auto Turret,Electrical,,6.0,,,,,,,,,,,,,,,,,,,,0.6,0.6,,,,,,,,,,,,,,,,,,,,,,,
Bandage,Medical,,,,,,,,,,,,,,,,,,,,3.0,,,,,,,,,,,,,,,,,,,,,,,,,,
Bandana Mask,Attire,,,,,,,,,,,,,,,,,,,,3.0,,,,,,,,,,,,,,,,,,,,,,,,,,
Bandit Guard Gear,Attire,,5.0,,,,,,,,,,,,,,,,3.0,,,2.0,,,,,,,,,,,,,,,,,,,,,,,,,
Barbed Wooden Barricade,Construction,,,,,,,,,,,,,,30.0,,,,,180.0,,,,,0.6,,,,,,,,,,,,,,,,,,,,,,
Barbeque,Items,,,,,,,,,,,,,,24.0,,,,,60.0,,,,,,,,,,,,,,,,,,,,,,,,,,,
Baseball Cap,Attire,,,,,,,,,,,,,,,,,,,,3.0,,,,,,,,,,,,,,,,,,,,,,,,,,
Basic Horse Shoes,Attire,,,,,,,,,,,,,,30.0,,,,,,,,,,,,,,,,,,,,,,,,,,,,,,,,
Bath Tub Planter,Items,,,,,,,,,,,,,,60.0,,,,,,,,,,,,,,,,,,,,,,,,,,,,,,,,
Beach Chair,Fun,,,,,,,,,,,,,,45.0,,,,,30.0,,,,,,,,,,,,,,,,,,,,,,,,,,,
Beach Parasol,Fun,,,,,,,,,,,,,,45.0,,,,,,12.0,,,,,,,,,,,,,,,,,,,,,,,,,,
Beach Table,Fun,,,,,,,,,,,,,,,,,,,60.0,,,,,,,,,,,,,,,,,,,,,,,,,,,
Beach Towel,Fun,,,,,,,,,,,,,,,,,,,,18.0,,,,,,,,,,,,,,,,,,,,,,,,,,
Beancan Grenade,Explosive,,,,,,,,,,,,,,12.0,36.0,,,,,,,,,,,,,,,,,,,,,,,,,,,,,,,
Bed,Items,,,,,,,,,,,,,,60.0,,,,,,36.0,2.0,,,,,,,,,,,,,,,,,,,,,,,,,
Beenie Hat,Attire,,,,,,,,,,,,,,,,,,,,9.0,,,,,,,,,,,,,,,,,,,,,,,,,,
Binoculars,Tool,,,,,,,0.6,,,,,,,24.0,,,,,,,,,,,,,,,,,,,,,,,,,,,,,,,,
Blocker,Electrical,,,,,,,,,,,,,,45.0,,,,,,,,,,,,,,,,,,,,,,,,,,,,,,,,
Blue Boomer,Fun,,,,,,,,,,,,,,15.0,18.0,,,,,,,,,,9.0,,,,,,,,,,,,,,,,,,,,,
Blue Jumpsuit,Attire,,,,,,,,,,,,,,,,,,,,30.0,,,,,,,,,,,,,,,,,,,,,,,,,,
Blue Roman Candle,Fun,,,,,,,,,,,,,,15.0,,,,,,,,,,,6.0,,,,,,,,,,,,,,,,,,,,,
Bolt Action Rifle,Gun,,12.0,,0.6,,,,0.6,,2.0,,,,,,,,,,,,,,,,,,,,,,,,,,,,,,,,,,,,
Bone Armor,Attire,,,,,,,,,,,,,,,,,,,,9.0,,,,,,42.0,,,,,,,,,,,,,,,,,,,,
Bone Arrow,Ammunition,,,,,,,,,,,,,,,,,,,5.0,,,,,,,2.0,,,,,,,,,,,,,,,,,,,,
Bone Club,Weapon,,,,,,,,,,,,,,,,,,,,,,,,,,12.0,,,,,,,,,,,,,,,,,,,,
Bone Helmet,Attire,,,,,,,,,,,,,,,,,,,,9.0,,,,,,18.0,,,,,,,,,,,,,,,,,,,,
Bone Knife,Weapon,,,,,,,,,,,,,,,,,,,,,,,,,,18.0,,,,,,,,,,,,,,,,,,,,
Boogie Board,Fun,,,,,,,,,,,,,,45.0,,,,0.6,,,,,,,,,,,,,,,,,,,,,,,,,,,,
Boom Box,Fun,,,,,,,,,,,,,,60.0,,,,,120.0,12.0,,,,,,,,,,,,,,,,,,,,,,,,,,
Boonie Hat,Attire,,,,,,,,,,,,,,,,,,,,6.0,,,,,,,,,,,,,,,,,,,,,,,,,,
Boots,Attire,,,,,,,,,,,,,,9.0,,,,,,,0.6,,,,,,12.0,,,,,,,,,,,,,,,,,,,
Bota Bag,Items,,,,,,,,,,,,,,,,,,,,6.0,,,,,,,,,,,,,,,,,,,,,,,,,,
Bucket Helmet,Attire,,,,,,,,,,,,,,21.0,,,,,,,,,,,,,,,,,,,,,,,,,,,,,,,,
Building Plan,Construction,,,,,,,,,,,,,,,,,,,12.0,,,,,,,,,,,,,,,,,,,,,,,,,,,
Bunny Ears,Attire,,,,,,,,,,,,,,,,,,,,12.0,,,,,,,,,,,,,,,,,,,,,,,,,,
Bunny Hat,Attire,,,,,,,,,,,,,,,,,,,,6.0,,,,,,,,,,,,,,,,,,,,,,,,,,
Bunny Onesie,Attire,,,,,,,,,,,,,,,,,,,,24.0,,,,,,,,,,,,,,,,,,,,,,,,,,
Burlap Gloves,Attire,,,,,,,,,,,,,,,,,,,,3.0,,,,,,,,,,,,,,,,,,,,,,,,,,
Burlap Headwrap,Attire,,,,,,,,,,,,,,,,,,,,6.0,,,,,,,,,,,,,,,,,,,,,,,,,,
Burlap Shirt,Attire,,,,,,,,,,,,,,,,,,,,12.0,,,,,,,,,,,,,,,,,,,,,,,,,,
Burlap Shoes,Attire,,,,,,,,,,,,,,,,,,,,6.0,,,,,,,,,,,,,,,,,,,,,,,,,,
Burlap Trousers,Attire,,,,,,,,,,,,,,,,,,,,12.0,,,,,,,,,,,,,,,,,,,,,,,,,,
Burst Module,Component,,6.0,,,,,,,,,,,,,,,,,,,,,,,,,,,,,,,,,,,,,,,,,,,,
Butcher Knife,Weapon,,,,,,,,,,,,,,30.0,,,,,,,,,,,,,,,,,,,,,,,,,,,,,,,,
Button,Electrical,,,,,,,,,,,,,,45.0,,,,,,,,,,,,,,,,,,,,,,,,,,,,,,,,
CCTV Camera,Resources,,2.0,2.0,,,,,,,,,,,,,,,,,,,,,,,,,,,,,,,,,,,,,,,,,,,
Cable Tunnel,Electrical,,6.0,,,,,,,,,,,,,,,,,,,,,,,,,,,,,,,,,,,,,,,,,,,,
Camp Fire,Items,,,,,,,,,,,,,,,,,,,60.0,,,,,,,,,,,,,,,,,,,,,,,,,,,
Camper Vehicle Module,Component,,,,,,,,,,,,,,105.0,,,,,75.0,,,,,,,,,,,,,,,,,,,,,,,,,,,
Canbourine,Fun,,,,,,,,,,,,,,15.0,,,,,,,,,,,,,,,,,,,,,,,,,,,,,,,,
Candle Hat,Attire,,,,,,,,,,,,,,,,,,,,9.0,,,,,3.0,,,,,,,,,,,,,,,,,,,,,
Car Radio,Fun,,,,,,,,,,,,,,72.0,,,,,,,,,,,,,,,,,,,,,,,,,,,,,,,,
Card Movember Moustache,Attire,,,,,,,,,,,,,,,,,,,,6.0,,,,,,,,,,,,,,,,,,,,,,,,,,
Carvable Pumpkin,Items,,,,,,,,,,,,,,,,,,,,,,,,,,,,0.6,,,,,,,,,,,,,,,,,,
Cassette - Long,Fun,,,,,,,,,,,,,,60.0,,,,,,,,,,,,,,,,,,,,,,,,,,,,,,,,
Cassette - Medium,Fun,,,,,,,,,,,,,,15.0,,,,,,,,,,,,,,,,,,,,,,,,,,,,,,,,
Cassette - Short,Fun,,,,,,,,,,,,,,6.0,,,,,,,,,,,,,,,,,,,,,,,,,,,,,,,,
Cassette Recorder,Fun,,,,,,,,,,,,,,45.0,,,,,,,,,,,,,,,,,,,,,,,,,,,,,,,,
Ceiling Light,Electrical,,,,,,,,,,,,,,30.0,,,,,,,,,,,,,,,,,,,,,,,,,,,,,,,,
Chainlink Fence,Construction,,,,,,,,,,,,,,45.0,,,,,,,,,,,,,,,,,,,,,,,,,,,,,,,,
Chainlink Fence Gate,Construction,,,,,,,,,,,,,,45.0,,,,,,,,,,,,,,,,,,,,,,,,,,,,,,,,
Chainsaw,Tool,,3.0,,,,,2.0,,,,,4.0,,,,,,,,,,,,,,,,,,,,,,,,,,,,,,,,,,
Chair,Items,,,,,,,,,,,,,,45.0,,,,,30.0,,,,,,,,,,,,,,,,,,,,,,,,,,,
Champagne Boomer,Fun,,,,,,,,,,,,,,18.0,45.0,,,,,,,,,,18.0,,,,,,,,,,,,,,,,,,,,,
Chicken Costume,Attire,,,,,,,,,,,,,,,,,,,120.0,15.0,,,,,,,,,,,,,,,,,,,,,,,,,,
Chinese Lantern,Items,,,,,,,,,,,,,,,,,,,,15.0,,,,,3.0,,,,,,,,,,,,,,,,,,,,,
Chinese Lantern White,Items,,,,,,,,,,,,,,,,,,,,15.0,,,,,3.0,,,,,,,,,,,,,,,,,,,,,
Chippy Arcade Game,Items,,6.0,,,,,2.0,,,,,,,,,,,,,,,,,,,,,,,,,,,,,,,,,,,,,,,
Christmas Door Wreath,Items,,,,,,,,,,,,,,,,,,,,12.0,,,,,,,,,,,,,,,,,,,,,,,,,,
Christmas Lights,Items,,,,,,,,,,,,,,15.0,,,,,,,,,,,12.0,,,,,,,,,,,,,,,,,,,,,
Christmas Tree,Items,,,,,,,,,,,,,,,,,,,60.0,12.0,,,,,,,,,,,,,,,,,,,,,,,,,,
Clan Table,Items,,,,,,,,,,,,,,240.0,,,,,240.0,,,,,,,,,,,,,,,,,,,,,,,,,,,
Clatter Helmet,Attire,,,,,,,,,,,,,,21.0,,,,,,,,,,,,,,,,,,,,,,,,,,,,,,,,
Coal :(,Resources,,,,,,,,,,,,,,,,,,,,,,,,,,,,,3.0,30.0,,,,,,,,,,,,,,,,
Cockpit Vehicle Module,Component,,,,,,,,,,,,,,90.0,,,,,60.0,,,,,,,,,,,,,,,,,,,,,,,,,,,
Cockpit With Engine Vehicle Module,Component,,3.0,,,,,,,,,,,,90.0,,,,,60.0,,,,,,,,,,,,,,,,,,,,,,,,,,,
Code Lock,Construction,,,,,,,,,,,,,,60.0,,,,,,,,,,,,,,,,,,,,,,,,,,,,,,,,
Coffee Can Helmet,Attire,,,,,,,,,,,,,,36.0,,,,,,9.0,0.6,,,,,,,,,,,,,,,,,,,,,,,,,
Coffin,Misc,,,,,,,,,,,,,,,,,,,480.0,,,,,,,,,,,,,,,,,,,,,,,,,,,
Combat Knife,Weapon,,0.6,,,,,,,,,,,,15.0,,,,,,,,,,,,,,,,,,,,,,,,,,,,,,,,
Composter,Items,,,,,,,,,,,,,,,,,,2.0,120.0,,,,,,,,,,,,,,,,,,,,,,,,,,,
Compound Bow,Weapon,,,,,,,,,,,,,,45.0,,,,,60.0,,,,,2.0,,,,,,,,,,,,,,,,,,,,,,
Computer Station,Electrical,,3.0,,,,,,,,,,,,,,,,,,,,0.6,,,,,,,,,0.6,0.6,,,,,,,,,,,,,,
Concrete Barricade,Construction,,,,,,,,,,,,,,,,,,,,,,,,,,,,,,120.0,,,,,,,,,,,,,,,,
Confetti Cannon,Fun,,,,,,,,,,,,,,,3.0,,,,45.0,,,,,,,,,,,,,,,,,,,,,,,,,,,
Connected Speaker,Fun,,,,,,,,,,,,,,45.0,,,,,,,,,,,,,,,,,,,,,,,,,,,,,,,,
Counter,Electrical,,,,,,,,,,,,,,45.0,,,,,,,,,,,,,,,,,,,,,,,,,,,,,,,,
Cowbell,Fun,,,,,,,,,,,,,,21.0,,,,,,,,,,,,,,,,,,,,,,,,,,,,,,,,
Crossbow,Weapon,,,,,,,,,,,,,,45.0,,,,,120.0,,,,,2.0,,,,,,,,,,,,,,,,,,,,,,
Cursed Cauldron,Misc,,,,,,,,,,,,,,,,,,,60.0,,,,,,,,,,,,,,,,,,,,,,,,,,,
Custom SMG,Gun,,5.0,,,0.6,,,0.6,,,,,,,,,,,,,,,,,,,,,,,,,,,,,,,,,,,,,,
Decorative Baubels,Misc,2.0,,,,,,,,,,,,,60.0,,,,,,,,,,,,,,,,,,,,,,,,,,,,,,,,
Decorative Gingerbread Men,Misc,,,,,,,,,,,,,,,,,,,60.0,,,,,,,,,,,,,,,,,,,,,,,,,,,
Decorative Pinecones,Misc,,,,,,,,,,,,,,,,,,,60.0,,,,,,,,,,,,,,,,,,,,,,,,,,,
Decorative Plastic Candy Canes,Misc,,,,,,,,,,,,,,,,,,,60.0,,,,,,,,,,,,,,,,,,,,,,,,,,,
Decorative Tinsel,Misc,3.0,,,,,,,,,,,,,,,,,,60.0,,,,,,,,,,,,,,,,,,,,,,,,,,,
Deluxe Christmas Lights,Electrical,,,,,,,,,,,,,,3.0,,,,,,,,,,,,,,,,,,,,,,,,,,,,,,,,
Digital Clock,Electrical,,,,,,,,,,,,,,60.0,,,,,,,,,,,,,,,,,,,,,,,,,,,,,,,,
Disco Ball,Fun,,,,,,,,,,,,,,30.0,,,,,,,,,,,,,,,,,,,,,,,,,,,,,,,,
Disco Floor,Fun,,,,,,,,,,,,,,45.0,,,,,,,,,,,,,,,,,,,,,,,,,,,,,,,,
Diver propulsion vehicle,Items,,9.0,0.6,,,,,,,,,,,,,,,,,,,,,,,,,,,,,,,,,,,,,,,,,,,
Diving Fins,Attire,,,,,,,,,,,,,,60.0,,,,,,,,,,,,,,,,,,,,,,,,,,,,,,,,
Diving Mask,Attire,,,,,,,,,,,,,,42.0,,,,,,,,,,,,,,,,,,,,,,,,,,,,,,,,
Diving Tank,Attire,,4.0,,,,,,,,,,,,60.0,,,,,,,,,,,,,,,,,,,,,,,,,,,,,,,,
Door Closer,Construction,,,,,,,,0.6,,,,,,30.0,,,,,,,,,,,,,,,,,,,,,,,,,,,,,,,,
Door Controller,Electrical,,,,,,,,,,,,,,45.0,,,,,,,,,,,,,,,,,,,,,,,,,,,,,,,,
Door Key,Misc,,,,,,,,,,,,,,,,,,,15.0,,,,,,,,,,,,,,,,,,,,,,,,,,,
Double Barrel Shotgun,Gun,,,,,,,,,,2.0,,,,105.0,,,,,,,,,,,,,,,,,,,,,,,,,,,,,,,,
Double Horse Saddle,Attire,,,,,,,,,,,3.0,,,,,,,,,,2.0,,,,,,,,,,,,,,,,,,,,,,,,,
Double Sign Post,Items,,,,,,,,,,,,,,,,,,,45.0,,,,,,,,,,,,,,,,,,,,,,,,,,,
Dracula Cape,Attire,,,,,,,,,,,,,,,,,,,,30.0,2.0,,,,,,,,,,,,,,,,,,,,,,,,,
Dracula Mask,Attire,,,,,,,,,,,,,,,,,,,,6.0,,,,,,,,,,,,,,,,,,,,,,,,,,
Dragon Door Knocker,Items,,,,,,,,,,,,,,12.0,,,,,,,,,,,,,,,,,,,,,,,,,,,,,,,,
Dragon Mask,Attire,,,,,,,,,,,,,,,,,,,,6.0,,,,,,,,,,,,,0.6,,,,,,,,,,,,,
Drone,Items,,,,,,,,,,,,,,120.0,,,,,,,,,0.6,,,,,,,,,,,,,,,,,,,,,,,
Drop Box,Items,,,,,,,,,,,,,,120.0,,,,,,,,,,,,,,,,,,,,,,,,,,,,,,,,
Duct Tape,Component,,,,,,,,,,,,,,,,,,,,3.0,,,,,,,,,,,,,,0.6,,,,,,,,,,,,
Easter Door Wreath,Items,,,,,,,,,,,,,,,,,,,,12.0,,,,,,,,,,,,,,,,,,,,,,,,,,
Egg Basket,Misc,18.0,,,,,,,,,,,,,60.0,,,,,,,,,,,,,,,,,,,,,,,,,,,,,,,,
Egg Suit,Attire,,,,,,,,,,,,,,,,,,,,36.0,2.0,,,,,,,,,,,,,,,,,,,,,,,,,
Electric Furnace,Electrical,,3.0,,,,,,,,,,,,120.0,,,,,,,,,,,,,,,,,,,,,,,,,,,,,,,,
Electric Fuse,Component,24.0,,,,,,,,,,,,,,,,,,,,,,,,,,,,,,,,,,,,,,,,,,,,,
Electric Heater,Electrical,,,,,,,,,,,,,,120.0,,,,,,,,,,,,,,,,,,,,,,,,,,,,,,,,
Electrical Branch,Electrical,,,,,,,,,,,,,,45.0,,,,,,,,,,,,,,,,,,,,,,,,,,,,,,,,
Elevator,Electrical,,2.0,,,,,0.6,,,,,,,120.0,,,,,,,,,,,,,,,,,,,,,,,,,,,,,,,,
Empty Can Of Beans,Resources,,,,,,,,,,,,,,12.0,,,,,,,,,,,,,,,,,,,,,,,,,,,,,,,,
Empty Propane Tank,Component,1.0,,,,,,,,,,,,,60.0,,,,,,,,,,,,,,,,,,,,,,,,,,,,,,,,
Empty Tuna Can,Resources,,,,,,,,,,,,,,10.0,,,,,,,,,,,,,,,,,,,,,,,,,,,,,,,,
Engine Vehicle Module,Component,,2.0,,,,,,,,,,,,60.0,,,,,,,,,,,,,,,,,,,,,,,,,,,,,,,,
Eoka Pistol,Gun,,,,,,,,,,,,,,18.0,,,,,45.0,,,,,,,,,,,,,,,,,,,,,,,,,,,
Explosive 5.56 Rifle Ammo,Ammunition,,,,,,,,,,,,,,3.0,6.0,3.0,,,,,,,,,,,,,,,,,,,,,,,,,,,,,,
Explosives,Resources,,,,,,,,,,,,,,6.0,30.0,6.0,,,,,,,,,2.0,,,,,,,,,,,,,,,,,,,,,
Extended Magazine,Attachment,,6.0,,,,,,,,,,,,,,,,,,,,,,,,,,,,,,,,,,,,,,,,,,,,
F1 Grenade,Explosive,,,,,,,,,,,,,,15.0,18.0,,,,,,,,,,,,,,,,,,,,,,,,,,,,,,,
Festive Doorway Garland,Items,,,,,,,,,,,,,,,,,,,,15.0,,,,,,,,,,,,,,,,,,,,,,,,,,
Festive Double Doorway Garland,Items,,,,,,,,,,,,,,,,,,,,15.0,,,,,,,,,,,,,,,,,,,,,,,,,,
Festive Window Garland,Items,,,,,,,,,,,,,,,,,,,,15.0,,,,,,,,,,,,,,,,,,,,,,,,,,
Fire Arrow,Ammunition,,,,,,,,,,,,,,,,,,,6.0,0.6,,,,,3.0,,,,,,,,,,,,,,,,,,,,,
Firecracker String,Fun,,,,,,,,,,,,,,6.0,6.0,,,,,,,,,,,,,,,,,,,,,,,,,,,,,,,
Fish Trophy,Items,,,,,,,,,,,,,,,,,,,45.0,,,,,,,,,,,,,,,,,,,,,,,,,,,
Flame Thrower,Gun,,9.0,,,,,,,,4.0,,,2.0,,,,,,,,,,,,60.0,,,,,,,,,,,,,,,,,,,,,
Flame Turret,Traps,,,,,,,0.6,,,,,,2.0,120.0,,,,,,,,,,,,,,,,,,,,,,,,,,,,,,,,
Flare,Tool,,,,,,,,,,,,,,6.0,6.0,,,,,,,,,,,,,,,,,,,,,,,,,,,,,,,
Flashbang,Explosive,,,,,,,,,,,,,,30.0,15.0,,,,,,,,,,,,,,,,,,,,,,,,,,,,,,,
Flasher Light,Electrical,,,,,,,,,,,,,,72.0,,,,,,,,,,,,,,,,,,,,,,,,,,,,,,,,
Flashlight,Tool,,,,,,,,,,,,,,18.0,,,,,,,,,,,,,,,,,,,,,,,,,,,,,,,,
Flatbed Vehicle Module,Component,,,,,,,,,,,,,,60.0,,,,,60.0,,,,,,,,,,,,,,,,,,,,,,,,,,,
Floor grill,Construction,,,,,,,,,,,,,,45.0,,,,,,,,,,,,,,,,,,,,,,,,,,,,,,,,
Floor triangle grill,Construction,,,,,,,,,,,,,,45.0,,,,,,,,,,,,,,,,,,,,,,,,,,,,,,,,
Fluid Combiner,Electrical,,,,,,,,,,,,,,45.0,,,,,,,,,,,,,,,,,,,,,,,,,,,,,,,,
Fluid Splitter,Electrical,,,,,,,,,,,,,,45.0,,,,,,,,,,,,,,,,,,,,,,,,,,,,,,,,
Fluid Switch & Pump,Electrical,,,,,,,,,,,,,,90.0,,,,,,,,,,,,,,,,,,,,,,,,,,,,,,,,
Fogger-3000,Misc,,,,,,,,,,0.6,,,,60.0,,,,,,,,,,,18.0,,,,,,,,,,,,,,,,,,,,,
Frankenstein Mask,Attire,,,,,,,,,,,,,,,,,,,,6.0,,,,,,,,,,,,,,,,,,,,,,,,,,
Frankenstein Table,Items,,,,,,,,,,,,,,120.0,,,,,,,,,,,,,,,,,,,,,,,,,,,,,,,,
Fridge,Items,,,,,,,,,,,,,,45.0,,,,,,,,,,,,,,,,,,,,,,,,,,,,,,,,
Frog Boots,Attire,,,,,,,,,,,,,,,,,,0.6,,,,,,,,,,,,,,,,,,,,,,,,,,,,
Frontier Bolts Single Item Rack,Items,,,,,,,,,,,,,,12.0,,,,,30.0,,,,,,,,,,,,,,,,,,,,,,,,,,,
Frontier Horns Single Item Rack,Items,,,,,,,,,,,,,,,,,,,,,,,,,,18.0,,,,,,,,,,,,,,,,,,,,
Frontier Horseshoe Single Item Rack,Items,,,,,,,,,,,,,,45.0,,,,,,,,,,,,,,,,,,,,,,,,,,,,,,,,
Fuel Tank Vehicle Module,Component,,,,,,,,,,,,,,105.0,,,,,60.0,,,,,,,,,,,,,,,,,,,,,,,,,,,
Furnace,Items,,,,,,,,,,,,,,,,,,,60.0,,,,,,30.0,,,,,120.0,,,,,,,,,,,,,,,,
Garage Door,Construction,,,,,,,2.0,,,,,,,180.0,,,,,,,,,,,,,,,,,,,,,,,,,,,,,,,,
Garry's Mod Tool Gun,Tool,,,,,,,,,,,,,,12.0,,,,,60.0,,,,,,,,,,,,,,,,,,,,,,,,,,,
Gas Compression Overdrive,Attachment,,6.0,,,,,,,,,,,,,,,,,,,,,,,,,,,,,,,,,,,,,,,,,,,,
Gas Mask,Attire,,,,,,,,,,,,,,21.0,,,,,,,,,,,,,,,,,,,,,,,,,,,,,,,,
Gears,Component,12.0,,,,,,,,,,,,,15.0,,,,,,,,,,,,,,,,,,,,,,,,,,,,,,,,
Geiger Counter,Tool,,,,,,,,,,,,,,18.0,,,,,,,,,,,,,,,,,,,,,,,,,,,,,,,,
Ghost Costume,Attire,,,,,,,,,,,,,,,,,,,,60.0,2.0,,,,,,,,,,,,,,,,,,,,,,,,,
Giant Candy Decor,Misc,,,,,,,,,,,,,,,,,,,,18.0,,,,,,,,,,,,,,,,,,,,,,,,,,
Giant Lollipop Decor,Misc,,,,,,,,,,,,,,,,,,,,12.0,,,,,,,,,,,,,,,,,,,,,,,,,,
Gravestone,Misc,,,,,,,,,,,,,,,,,,,240.0,,,,,,,,,,,,,,,,,,,,,,,,,,,
Graveyard Fence,Misc,,,,,,,,,,,,,,45.0,,,,,,,,,,,,,,,,150.0,,,,,,,,,,,,,,,,
Green Boomer,Fun,,,,,,,,,,,,,,15.0,18.0,,,,,,,,,,9.0,,,,,,,,,,,,,,,,,,,,,
Green Industrial Wall Light,Electrical,,,,,,,,,,,,,,18.0,,,,,,,,,,,,,,,,,,,,,,,,,,,,,,,,
Green Roman Candle,Fun,,,,,,,,,,,,,,15.0,,,,,,,,,,,6.0,,,,,,,,,,,,,,,,,,,,,
Gun Powder,Resources,,,,,,,,,,,,,,,,2.0,,,,,,,,,,,,,,,,,,,2.0,,,,,,,,,,,
HBHF Sensor,Electrical,,,,,,,,,,,,,,45.0,,,,,,,,,,,,,,,,,,,,,,,,,,,,,,,,
HMLMG,Gun,,36.0,,0.6,,,2.0,2.0,,,,,,,,,,,,,,,,,,,,,,,,,,,,,,,,,,,,,,
HV 5.56 Rifle Ammo,Ammunition,,,,,,,,,,,,,,2.0,2.0,,,,,,,,,,,,,,,,,,,,,,,,,,,,,,,
HV Pistol Ammo,Ammunition,,,,,,,,,,,,,,2.0,2.0,,,,,,,,,,,,,,,,,,,,,,,,,,,,,,,
Hammer,Tool,,,,,,,,,,,,,,,,,,,60.0,,,,,,,,,,,,,,,,,,,,,,,,,,,
Handcuffs,Tool,,,,,,,,,,,,,,42.0,,,,,,,,,,,,,,,,,,,,,,,,,,,,,,,,
Handmade Fishing Rod,Tool,,,,,,,,,,,,,,,,,,,120.0,,,,,2.0,,,,,,,,,,,,,,,,,,,,,,
Handmade SMG,Gun,,3.0,,,,,,0.6,,,,,,120.0,,,,,,,,,,,,,,,,,,,,,,,,,,,,,,,,
Handmade Shell,Ammunition,,,,,,,,,,,,,,,2.0,,,,,,,,,,,,,,,2.0,,,,,,,,,,,,,,,,
Hatchet,Tool,,,,,,,,,,,,,,45.0,,,,,60.0,,,,,,,,,,,,,,,,,,,,,,,,,,,
Hazmat Plushy,Items,,,,,,,,,,,,,,,,,,,,30.0,,,,,,,,,,,,,,,,,,,,,,,,,,
Hazmat Suit,Attire,,5.0,,,,,,,,,,,,,,,,3.0,,,2.0,,,,,,,,,,,,,,,,,,,,,,,,,
Hazmat Youtooz,Items,,,,,,,,,,,,,,30.0,,,,,,,,,,,,,,,,,,,,,,,,,,,,,,,,
Headset,Attire,,,,,,,,,,,,,,,,,,,,6.0,,,,,,,,,,,,,,,,,,,,,,,,,,
Heavy Frankenstein Head,Attire,,,,,,,,,,,,,,,,,,,,,,,,,,18.0,,,,,,,,,,4.0,9.0,,,,,,,,,
Heavy Frankenstein Legs,Attire,,,,,,,,,,,,,,,,,,,,,,,,,,18.0,,,,,,,,,,4.0,9.0,,,,,,,,,
Heavy Frankenstein Torso,Attire,,,,,,,,,,,,,,,,,,,,,,,,,,18.0,,,,,,,,,,4.0,9.0,,,,,,,,,
Heavy Plate Helmet,Attire,,3.0,,,,,,,0.6,,,,,,,,,,,,,,,,,,,,,,,,,,,,,,,,,,,,,
Heavy Plate Jacket,Attire,,3.0,,,,,,,2.0,,,,,,,,,,,,,,,,,,,,,,,,,,,,,,,,,,,,,
Heavy Plate Pants,Attire,,3.0,,,,,,,0.6,,,,,,,,,,,,,,,,,,,,,,,,,,,,,,,,,,,,,
Heavy Scientist Suit,Attire,,5.0,,,,,,,,,,,,,,,,3.0,,,2.0,,,,,,,,,,,,,,,,,,,,,,,,,
Heavy Scientist Youtooz,Items,,,,,,,,,,,,,,30.0,,,,,,,,,,,,,,,,,,,,,,,,,,,,,,,,
Hide Boots,Attire,,,,,,,,,,,,,,,,,,,,,,,,,,,6.0,,,,,,,,,,,,,,,,,,,
Hide Halterneck,Attire,,,,,,,,,,,,,,,,,,,,,,,,,,,6.0,,,,,,,,,,,,,,,,,,,
Hide Pants,Attire,,,,,,,,,,,,,,,,,,,,,,,,,,,6.0,,,,,,,,,,,,,,,,,,,
Hide Poncho,Attire,,,,,,,,,,,,,,,,,,,,,,,,,,,9.0,,,,,,,,,,,,,,,,,,,
Hide Skirt,Attire,,,,,,,,,,,,,,,,,,,,,,,,,,,6.0,,,,,,,,,,,,,,,,,,,
Hide Vest,Attire,,,,,,,,,,,,,,,,,,,,,,,,,,,6.0,,,,,,,,,,,,,,,,,,,
High Caliber Revolver,Gun,,4.0,,,,,0.6,0.6,,3.0,,,,,,,,,,,,,,,,,,,,,,,,,,,,,,,,,,,,
High External Stone Gate,Construction,,,,,,,2.0,,0.6,,,,,,,,,,,,,,,,,,,,,1800.0,,,,,,,,,,,,,,,,
High External Stone Wall,Construction,,,,,,,,,0.2,,,,,,,,,,,,,,,,,,,,,800.0,,,,,,,,,,,,,,,,
High External Wooden Gate,Construction,,,,,,,2.0,,,,,,,,,,,,1800.0,,,,,,,,,,,,,,,,,,,,,,,,,,,
High External Wooden Wall,Construction,,,,,,,,,,,,,,,,,,,800.0,,,,,,,,,,,,,,,,,,,,,,,,,,,
High Ice Wall,Construction,,,,,,,,,,,,,,,,,,,,,,,,,,,,,,900.0,,,,,,,,,,,,,,,,
High Quality Carburetor,Component,,,,,,,,,,,,,,102.0,,,,,,,,,,,,,,,,,,,,,,,,,,,,,,,,
High Quality Crankshaft,Component,,,,,,,,,,,,,,72.0,,,,,,,,,,,,,,,,,,,,,,,,,,,,,,,,
High Quality Horse Shoes,Attire,,3.0,,,,,,,,,,,,,,,,,,,,,,,,,,,,,,,,,,,,,,,,,,,,
High Quality Pistons,Component,,,,,,,,,,,,,,72.0,,,,,,,,,,,,,,,,,,,,,,,,,,,,,,,,
High Quality Spark Plugs,Component,,,,,,,,,,,,,,72.0,,,,,,,,,,,,,,,,,,,,,,,,,,,,,,,,
High Quality Valves,Component,,,,,,,,,,,,,,72.0,,,,,,,,,,,,,,,,,,,,,,,,,,,,,,,,
High Velocity Arrow,Ammunition,,,,,,,,,,,,,,2.0,,,,,6.0,,,,,,,,,,,,,,,,,,,,,,,,,,,
High Velocity Rocket,Explosive,,,,,,,,,,0.6,,,,,60.0,,,,,,,,,,,,,,,,,,,,,,,,,,,,,,,
Hitch & Trough,Items,,,,,,,,,,,,,,,,,,,120.0,,,,,,,,,,,,,,,,,,,,,,,,,,,
Hobo Barrel,Items,,,,,,,,,,,,,,,,,,,60.0,,,,,,,,,,,,,,,,,,,,,,,,,,,
Holosight,Attachment,,8.0,0.6,,,,,,,,,,,,,,,,,,,,,,,,,,,,,,,,,,,,,,,,,,,
Homemade Landmine,Traps,,,,,,,,,,,,,,30.0,18.0,,,,,,,,,,,,,,,,,,,,,,,,,,,,,,,
Homing Missile,Explosive,,,0.3,,,,,,,0.6,,,,,30.0,,,,,,,,,,,,,,,,,,,,,,,,,,,,,,,
Homing Missile Launcher,Gun,,12.0,0.6,,,,,,,2.0,,,,,,,,,,,,,0.6,,,,,,,,,,,,,,,,,,,,,,,
Hoodie,Attire,,,,,,,,,,,,,,,,,,,,24.0,0.6,,,,,,,,,,,,,,,,,,,,,,,,,
Horizontal Weapon Rack,Items,,,,,,,,,,,,,,72.0,,,,,60.0,,,,,,,,,,,,,,,,,,,,,,,,,,,
Horse Saddle,Attire,,,,,,,,,,,,,,,,,,,,,,,,,,,30.0,,,,,,,,,,,,,,,,,,,
Hose Tool,Electrical,,2.0,,,,,,,,,,,,,,,,,,,,,,,,,,,,,,,,,,,,,,,,,,,,
Hot Air Balloon Armor,Attire,,,,,,,,,,,,,,120.0,,,,,,,,,,,,,,,,,,,,,,,,,,,,,,,,
Huge Wooden Sign,Items,,,,,,,,,,,,,,,,,,,150.0,,,,,,,,,,,,,,,,,,,,,,,,,,,
Hunting Bow,Weapon,,,,,,,,,,,,,,,,,,,120.0,30.0,,,,,,,,,,,,,,,,,,,,,,,,,,
Ice Sculpture,Items,,,,,,,,,,,,,,60.0,,,,,300.0,,,,,,,,,,,,,,,,,,,,,,,,,,,
Igniter,Electrical,,,,,,,,,,,,,,45.0,,,,,,,,,,,,,,,,,,,,,,,,,,,,,,,,
Improvised Balaclava,Attire,,,,,,,,,,,,,,,,,,,,9.0,,,,,,,,,,,,,,,,,,,,,,,,,,
Incendiary 5.56 Rifle Ammo,Ammunition,,,,,,,,,,,,,,3.0,3.0,2.0,,,,,,,,,,,,,,,,,,,,,,,,,,,,,,
Incendiary Pistol Bullet,Ammunition,,,,,,,,,,,,,,2.0,2.0,1.0,,,,,,,,,,,,,,,,,,,,,,,,,,,,,,
Incendiary Rocket,Explosive,,,,,,,,,,2.0,,,,,90.0,,,,,,,,,,45.0,,,,,,,,,,,,,,,,,,,,,
Industrial Combiner,Electrical,,,,,,,,,,,,,,45.0,,,,,,,,,,,,,,,,,,,,,,,,,,,,,,,,
Industrial Conveyor,Electrical,,,,,,,,,,,,,,45.0,,,,,,,,,,,,,,,,,,,,,,,,,,,,,,,,
Industrial Crafter,Electrical,,2.0,2.0,,,,,,,,,,,,,,,,,,,,,,,,,,,,,,,,,,,,,,,,,,,
Industrial Splitter,Electrical,,,,,,,,,,,,,,45.0,,,,,,,,,,,,,,,,,,,,,,,,,,,,,,,,
Industrial Wall Light,Electrical,,,,,,,,,,,,,,18.0,,,,,,,,,,,,,,,,,,,,,,,,,,,,,,,,
Inner Tube,Fun,,,,,,,,,,,,,,45.0,,,,0.6,,,,,,,,,,,,,,,,,,,,,,,,,,,,
Instant Camera,Tool,,,,,,,0.6,,,,,,,45.0,,,,,,,,,,,,,,,,,,,,,,,,,,,,,,,,
Jack O Lantern Angry,Items,,,,,,,,,,,,,,,,,,,,,,,,,,,,2.0,,,,,,,,,,,,,,,,,,
Jack O Lantern Happy,Items,,,,,,,,,,,,,,,,,,,,,,,,,,,,2.0,,,,,,,,,,,,,,,,,,
Jacket,Attire,,,,,,,,,,,,,,,,,,,,30.0,2.0,,,,,,,,,,,,,,,,,,,,,,,,,
Jackhammer,Tool,36.0,,,,,,,,,0.6,,3.0,,,,,,,,,,,,,,,,,,,,,,,,,,,,,,,,,,
Jerry Can Guitar,Fun,,,,,,,,,,,,,,30.0,,,,,15.0,,,,,,,,,,,,,,,,,,,,,,,,,,,
Jumpsuit,Attire,,,,,,,,,,,,,,,,,,,,30.0,,,,,,,,,,,,,,,,,,,,,,,,,,
Junkyard Drum Kit,Fun,,,,,,,,,,,,,,60.0,,,,,120.0,,,,,,,,,,,,,,,,,,,,,,,,,,,
Kayak,Items,,,,,,,,,,,,,,45.0,,,,,120.0,30.0,,,,,,,,,,,,,,,,,,,,,,,,,,
Key Lock,Construction,,,,,,,,,,,,,,,,,,,45.0,,,,,,,,,,,,,,,,,,,,,,,,,,,
L96 Rifle,Gun,,24.0,,0.6,,,,3.0,,4.0,,,,,,,,,,,,,,,,,,,,,,,,,,,,,,,,,,,,
LR-300 Assault Rifle,Gun,,24.0,,0.6,,,,2.0,,,,,,,,,,,,,,,,,,,,,,,,,,,,,,2.0,,,,,,,,
Ladder Hatch,Construction,,,,,,,2.0,,,,,,,180.0,,,,,,,,,,,,,,,,,,,,,,,,,0.6,,,,,,,
Landscape Photo Frame,Items,,,,,,,,,,,,,,,,,,,60.0,,,,,,,,,,,,,,,,,,,,,,,,,,,
Landscape Picture Frame,Items,,,,,,,,,,,,,,,,,,,60.0,6.0,,,,,,,,,,,,,,,,,,,,,,,,,,
Lantern,Items,,,,,,,,,,,,,,15.0,,,,,,,,,,,9.0,,,,,,,,,,,,,,,,,,,,,
Large Animated Neon Sign,Electrical,,3.0,,,,,,,,,,,,210.0,,,,,,,,,,,,,,,,,,,,,,,,,,,,,,,,
Large Backpack,Attire,12.0,3.0,,,,,,,,,,,,,,,,,,60.0,,,,,,,,,,,,,,,,,,,,,,,,,,
Large Banner Hanging,Items,,,,,,,,,,,,,,60.0,,,,,,12.0,,,,,,,,,,,,,,,,,,,,,,,,,,
Large Banner on pole,Items,,,,,,,,,,,,,,30.0,,,,,60.0,12.0,,,,,,,,,,,,,,,,,,,,,,,,,,
Large Candle Set,Misc,,,,,,,,,,,,,,,,,,,,6.0,,,,,,,,,,,,,,,,,12.0,,,,,,,,,
Large Flatbed Vehicle Module,Component,,,,,,,,,,,,,,90.0,,,,,90.0,,,,,,,,,,,,,,,,,,,,,,,,,,,
Large Furnace,Items,,,,,,,,,,,,,,,,,,,360.0,,,,,,45.0,,,,,300.0,,,,,,,,,,,,,,,,
Large Hunting Trophy,Items,,,,,,,,,,,,,,,,,,,90.0,,,,,,,,,,,,,,,,,,,,,,,,,,,
Large Medkit,Medical,,,,,,,,,,,,,,,,,,,,,,,,,6.0,,,,,,,,,,,,,,,2.0,,,,,,
Large Neon Sign,Electrical,,,,,,,,,,,,,,150.0,,,,,,,,,,,,,,,,,,,,,,,,,,,,,,,,
Large Photo Frame,Items,,,,,,,,,,,,,,,,,,,60.0,,,,,,,,,,,,,,,,,,,,,,,,,,,
Large Planter Box,Items,,,,,,,,,,,,,,,,,,2.0,120.0,,,,,,,,,,,,,,,,,,,,,,,,,,,
Large Rechargeable Battery,Electrical,,6.0,2.0,,,,,,,,,,,,,,,,,,,,,,,,,,,,,,,,,,,,,,,,,,,
Large Solar Panel,Electrical,,3.0,0.6,,,,,,,,,,,,,,,,,,,,,,,,,,,,,,,,,,,,,,,,,,,
Large Water Catcher,Construction,,,,,,,,,,,,,,120.0,,,,2.0,300.0,,,,,,,,,,,,,,,,,,,,,,,,,,,
Large Wood Box,Items,,,,,,,,,,,,,,30.0,,,,,150.0,,,,,,,,,,,,,,,,,,,,,,,,,,,
Large Wooden Sign,Items,,,,,,,,,,,,,,,,,,,90.0,,,,,,,,,,,,,,,,,,,,,,,,,,,
Laser Detector,Electrical,,,,,,,,,,,,,,45.0,,,,,,,,,,,,,,,,,,,,,,,,,,,,,,,,
Laser Light,Fun,,,,,,,,,,,,,,60.0,,,,,,,,,,,,,,,,,,,,,,,,,,,,,,,,
Leather Gloves,Attire,,,,,,,,,,,,,,,,,,,,,0.6,,,,,,12.0,,,,,,,,,,,,,,,,,,,
Legacy Wood Shelter,Construction,,,,,,,,,,,,,,,,,,,360.0,,,,,,,,,,,,,,,,,,,,,,,,,,,
Light Frankenstein Head,Attire,,,,,,,,,,,,,,,,,,,,,,,,,,12.0,,,,,,,,,,2.0,6.0,,,,,,,,,
Light Frankenstein Legs,Attire,,,,,,,,,,,,,,,,,,,,,,,,,,12.0,,,,,,,,,,2.0,6.0,,,,,,,,,
Light Frankenstein Torso,Attire,,,,,,,,,,,,,,,,,,,,,,,,,,12.0,,,,,,,,,,2.0,6.0,,,,,,,,,
Locker,Items,,,,,,,,,,,,,,60.0,,,,,30.0,,,,,,,,,,,,,,,,,,,,,,,,,,,
Longsleeve T-Shirt,Attire,,,,,,,,,,,,,,,,,,,,18.0,,,,,,,,,,,,,,,,,,,,,,,,,,
Longsword,Weapon,,,,,,,,,,,,2.0,,60.0,,,,,,,,,,,,,,,,,,,,,,,,,,,,,,,,
Low Grade Fuel,Resources,,,,,,,,,,,,,,,,,,,,0.15,,,,,,,,,,,,,,,,,0.45,,,,,,,,,
Low Quality Carburetor,Component,,,,,,,,,,,,,,24.0,,,,,,,,,,,,,,,,,,,,,,,,,,,,,,,,
Low Quality Crankshaft,Component,,,,,,,,,,,,,,15.0,,,,,,,,,,,,,,,,,,,,,,,,,,,,,,,,
Low Quality Pistons,Component,,,,,,,,,,,,,,15.0,,,,,,,,,,,,,,,,,,,,,,,,,,,,,,,,
Low Quality Spark Plugs,Component,,,,,,,,,,,,,,15.0,,,,,,,,,,,,,,,,,,,,,,,,,,,,,,,,
Low Quality Valves,Component,,,,,,,,,,,,,,15.0,,,,,,,,,,,,,,,,,,,,,,,,,,,,,,,,
Lumberjack Hoodie,Attire,,,,,,,,,,,,,,,,,,,,24.0,0.6,,,,,,,,,,,,,,,,,,,,,,,,,
M249,Gun,,24.0,,0.6,,,4.0,4.0,,,,,,,,,,,,,,,,,,,,,,,,,,,,,,,,,,,,,,
M39 Rifle,Gun,,30.0,,0.6,,,,3.0,,,,,,,,,,,,,,,,,,,,,,,,,,,,,,,,,,,,,,
M4 Shotgun,Gun,,12.0,,,,,,2.0,,3.0,,,,,,,,,,,,,,,,,,,,,,,,,,,,,,,,,,,,
M92 Pistol,Gun,,15.0,,,,0.6,,0.6,,0.6,,,,,,,,,,,,,,,,,,,,,,,,,,,,,,,,,,,,
MLRS Aiming Module,Component,,,3.0,,,,,,,,,,,60.0,,,,,,,,,,,,,,,,,,,,,,,,,,,,,,,,
MLRS Rocket,Explosive,,,,,,,,,,3.0,,,,,120.0,,,,,,,,,,,,,,,,,,,,,,,,,,,,,,,
MP5A4,Gun,,9.0,,,0.6,,,2.0,,,,,,,,,,,,,,,,,,,,,,,,,,,,,,,,,,,,,,
Mace,Weapon,,,,,,,,,,,,,,30.0,,,,,60.0,,,,,,,,,,,,,,,,,,,,,,,,,,,
Machete,Weapon,,,,,,,,,,,,,,24.0,,,,,60.0,,,,,,,,,,,,,,,,,,,,,,,,,,,
Mail Box,Items,,,,,,,,,,,,,,15.0,,,,,60.0,,,,,,,,,,,,,,,,,,,,,,,,,,,
Medical Syringe,Medical,,,,,,,,,,,,,,6.0,,,,,,9.0,,,,,6.0,,,,,,,,,,,,,,,,,,,,,
Medium Animated Neon Sign,Electrical,,2.0,,,,,,,,,,,,180.0,,,,,,,,,,,,,,,,,,,,,,,,,,,,,,,,
Medium Frankenstein Head,Attire,,,,,,,,,,,,,,,,,,,,,,,,,,12.0,,,,,,,,,,2.0,6.0,,,,,,,,,
Medium Frankenstein Legs,Attire,,,,,,,,,,,,,,,,,,,,,,,,,,12.0,,,,,,,,,,2.0,6.0,,,,,,,,,
Medium Frankenstein Torso,Attire,,,,,,,,,,,,,,,,,,,,,,,,,,12.0,,,,,,,,,,2.0,6.0,,,,,,,,,
Medium Neon Sign,Electrical,,,,,,,,,,,,,,120.0,,,,,,,,,,,,,,,,,,,,,,,,,,,,,,,,
Medium Quality Carburetor,Component,,,,,,,,,,,,,,60.0,,,,,,,,,,,,,,,,,,,,,,,,,,,,,,,,
Medium Quality Crankshaft,Component,,,,,,,,,,,,,,42.0,,,,,,,,,,,,,,,,,,,,,,,,,,,,,,,,
Medium Quality Pistons,Component,,,,,,,,,,,,,,42.0,,,,,,,,,,,,,,,,,,,,,,,,,,,,,,,,
Medium Quality Spark Plugs,Component,,,,,,,,,,,,,,42.0,,,,,,,,,,,,,,,,,,,,,,,,,,,,,,,,
Medium Quality Valves,Component,,,,,,,,,,,,,,42.0,,,,,,,,,,,,,,,,,,,,,,,,,,,,,,,,
Medium Rechargeable Battery,Electrical,,3.0,0.6,,,,,,,,,,,,,,,,,,,,,,,,,,,,,,,,,,,,,,,,,,,
Medium Wooden Sign,Items,,,,,,,,,,,,,,,,,,,60.0,,,,,,,,,,,,,,,,,,,,,,,,,,,
Megaphone,Fun,,,,,,,,,,,,,,45.0,,,,,30.0,,,,,,,,,,,,,,,,,,,,,,,,,,,
Memory Cell,Electrical,,,,,,,,,,,,,,45.0,,,,,,,,,,,,,,,,,,,,,,,,,,,,,,,,
Metal Barricade,Construction,,,,,,,,,,,,2.0,,120.0,,,,,,,,,,,,,,,,,,,,,,,,,,,,,,,,
Metal Blade,Component,2.0,,,,,,,,,,,,,18.0,,,,,,,,,,,,,,,,,,,,,,,,,,,,,,,,
Metal Chest Plate,Attire,,11.0,,,,,,,,,,,,,,,,,,,5.0,,,,,,30.0,,,,,,,,,,,,,,,,,,,
Metal Detector,Tool,,3.0,,,,,,,,,,,,120.0,,,,,,,,,,2.0,,,,,,,,,,,,,,,,,,,,,,
Metal Facemask,Attire,,9.0,,,,,,,,,,,,,,,,,,,4.0,,,,,,30.0,,,,,,,,,,,,,,,,,,,
Metal Pipe,Component,6.0,2.0,,,,,,,,,,,,,,,,,,,,,,,,,,,,,,,,,,,,,,,,,,,,
Metal Shop Front,Construction,,,,,,,,,,,,,,150.0,,,,,,,,,,,,,,,,,,,,,,,,,,,,,,,,
Metal Spring,Component,12.0,2.0,,,,,,,,,,,,,,,,,,,,,,,,,,,,,,,,,,,,,,,,,,,,
Metal Vertical embrasure,Construction,,,,,,,,,,,,,,60.0,,,,,,,,,,,,,,,,,,,,,,,,,,,,,,,,
Metal Window Bars,Construction,,,,,,,,,,,,,,15.0,,,,,,,,,,,,,,,,,,,,,,,,,,,,,,,,
Metal horizontal embrasure,Construction,,,,,,,,,,,,,,60.0,,,,,,,,,,,,,,,,,,,,,,,,,,,,,,,,
Microphone Stand,Fun,,,,,,,,,,,,,,45.0,,,,,,,,,,,,,,,,,,,,,,,,,,,,,,,,
Military Flame Thrower,Gun,,21.0,,,,,,,,5.0,,,3.0,,,,,,,,,,,,60.0,,,,,,,,,,,,,,,,,,,,,
Minecart Planter,Items,,,,,,,,,,,,,,60.0,,,,,,,,,,,,,,,,,,,,,,,,,,,,,,,,
Miners Hat,Attire,,,,,,,,,,,,,,30.0,,,,,,9.0,,,,,6.0,,,,,,,,,,,,,,,,,,,,,
Minigun,Gun,,30.0,,3.0,,,,4.0,,8.0,,,,,,,,,,,,,,,,,,,,,,,,,,,,,,,,,,,,
Mixing Table,Items,,,,,,,,,,,,,,120.0,,,,,,,,,,,,,,,,60.0,,,,,,,,,,,,,,,,
Mobile Phone,Fun,,,,,,,,,,,,,,75.0,,,,,,,,,,,,,,,,,,,,,,,,,,,,,,,,
Modular Car Lift,Electrical,,3.0,,,,,0.6,,,,,,,120.0,,,,,,,,,,,,,,,,,,,,,,,,,,,,,,,,
Molotov Cocktail,Explosive,,,,,,,,,,,,,,,,,,,,6.0,,,,,30.0,,,,,,,,,,,,,,,,,,,,,
Movember Moustache,Attire,,,,,,,,,,,,,,,,,,,,6.0,,,,,,,,,,,,,,,,,,,,,,,,,,
Multiple Grenade Launcher,Gun,,15.0,,,,,,,,2.0,,,,,,,,,,,,,,,,,,,,,,,,,,,,,,,,,,,,
Mummy Mask,Attire,,,,,,,,,,,,,,,,,,,,6.0,,,,,,,,,,,,,,,,,,,,,,,,,,
Muzzle Boost,Attachment,,6.0,,,,,,,,,,,,,,,,,,,,,,,,,,,,,,,,,,,,,,,,,,,,
Muzzle Brake,Attachment,,5.0,,,,,,,,,,,,,,,,,,,,,,,,,,,,,,,,,,,,,,,,,,,,
NVGM Scientist Suit,Attire,,5.0,,,,,,,,,,,,,,,,3.0,,,2.0,,,,,,,,,,,,,,,,,,,,,,,,,
Nailgun,Gun,12.0,,,,,,,,,,,,,45.0,,,,,,,,,,,,,,,,,,,,,,,,,,,,,,,,
Nailgun Nails,Ammunition,,,,,,,,,,,,,,1.0,,,,,,,,,,,,,,,,,,,,,,,,,,,,,,,,
Nest Hat,Attire,,,,,,,,,,,,,,,,,,,,6.0,,,,,,,,,,,,,0.6,,,,,,,,,,,,,
Netting,Construction,,,,,,,,,,,,,,,,,,,,,,,,0.6,,,,,,,,,,,,,,,,,,,,,,
New Year Gong,Fun,,,,,,,,,,,,,,30.0,,,,,60.0,,,,,,,,,,,,,,,,,,,,,,,,,,,
Night Vision Goggles,Attire,,6.0,2.0,,,,,,,,,,,,,,,,,,,,,,,,,,,,,,,,,,,,,,,,,,,
Ninja Suit,Attire,,,,,,,,,,,,,,,,,,,,36.0,2.0,,,,,,,,,,,,,,,,,,,,,,,,,
Note,Misc,,,,,,,,,,,,,,,,,,,6.0,,,,,,,,,,,,,,,,,,,,,,,,,,,
OR Switch,Electrical,,,,,,,,,,,,,,60.0,,,,,,,,,,,,,,,,,,,,,,,,,,,,,,,,
One Sided Town Sign Post,Items,,,,,,,,,,,,,,,,,,,60.0,,,,,,,,,,,,,,,,,,,,,,,,,,,
Orange Boomer,Fun,,,,,,,,,,,,,,15.0,18.0,,,,,,,,,,9.0,,,,,,,,,,,,,,,,,,,,,
Ox Mask,Attire,,,,,,,,,,,,,,,,,,,,6.0,,,,,,,,,,,,,0.6,,,,,,,,,,,,,
PTZ CCTV Camera,Electrical,,,,,,,,,,,,,,90.0,,,,,,,,,0.6,,,,,,,,,,,,,,,,,,,,,,,
Paddle,Weapon,,,,,,,,,,,,0.6,,9.0,,,,,120.0,,,,,,,,,,,,,,,,,,,,,,,,,,,
Paddling Pool,Fun,,,,,,,,,,,,,,,,,,0.6,,60.0,,,,,,,,,,,,,,,,,,,,,,,,,,
Pan Flute,Fun,,,,,,,,,,,,,,12.0,,,,,,3.0,,,,,,,,,,,,,,,,,,,,,,,,,,
Pants,Attire,,,,,,,,,,,,,,,,,,,,24.0,0.6,,,,,,,,,,,,,,,,,,,,,,,,,
Paper,Resources,,,,,,,,,,,,,,,,,,,3.0,,,,,,,,,,,,,,,,,,,,,,,,,,,
Paper Map,Items,,,,,,,,,,,,,,,,,,,60.0,,,,,,,,,,,,,,,,,,,,,,,,,,,
Parachute,Attire,,,,,,,,,,,,,,,,,,2.0,,30.0,2.0,,,,,,,,,,,,,,,,,,,,,,,,,
Passenger Vehicle Module,Component,,,,,,,,,,,,,,105.0,,,,,75.0,,,,,,,,,,,,,,,,,,,,,,,,,,,
Pattern Boomer,Fun,,,,,,,,,,,,,,30.0,18.0,,,,,,,,,,9.0,,,,,,,,,,,,,,,,,,,,,
Pickaxe,Tool,,,,,,,,,,,,,,75.0,,,,,60.0,,,,,,,,,,,,,,,,,,,,,,,,,,,
Pinata,Fun,,,,,,,,,,,,,,,,,,,300.0,,,,,,,,,,,,,,,,,,,,,,,,,,,
Pipe Tool,Electrical,,2.0,,,,,,,,,,,,,,,,,,,,,,,,,,,,,,,,,,,,,,,,,,,,
Pistol Bullet,Ammunition,,,,,,,,,,,,,,2.0,1.0,,,,,,,,,,,,,,,,,,,,,,,,,,,,,,,
Pitchfork,Weapon,,,,,,,,,,,,,,60.0,,,,,180.0,,,,,,,,,,,,,,,,,,,,,,,,,,,
Plumber's Trumpet,Fun,,,,,,,,,,,,,,45.0,,,,,,,,,,,,,,,,,,,,,,,,,,,,,,,,
Portable Boom Box,Fun,,,,,,,,,,,,,,72.0,,,,,,,,,,,,,,,,,,,,,,,,,,,,,,,,
Portrait Photo Frame,Items,,,,,,,,,,,,,,,,,,,60.0,,,,,,,,,,,,,,,,,,,,,,,,,,,
Portrait Picture Frame,Items,,,,,,,,,,,,,,,,,,,60.0,6.0,,,,,,,,,,,,,,,,,,,,,,,,,,
Powered Water Purifier,Electrical,,,,,,,,,,,,,,180.0,,,,,60.0,12.0,,,,,,,,,,,,,,,,,,,,,,,,,,
Pressure Pad,Electrical,,,,,,,0.6,0.6,,,,,,,,,,,90.0,,,,,,,,,,,,,,,,,,,,,,,,,,,
Prison Cell Gate,Construction,,,,,,,,,,,,,,90.0,,,,,,,,,,,,,,,,,,,,,,,,,,,,,,,,
Prison Cell Wall,Construction,,,,,,,,,,,,,,90.0,,,,,,,,,,,,,,,,,,,,,,,,,,,,,,,,
Prisoner Hood,Attire,,,,,,,,,,,,,,,,,,,,12.0,,,,,,,,,,,,,,,,,,,,,,,,,,
Prototype 17,Gun,,3.0,,,,0.6,,,,0.6,,,,,,,,,,,,,,,,,,,,,,,,,,,,2.0,,,,,,,,
Pump Shotgun,Gun,,9.0,,,,,,0.6,,2.0,,,,,,,,,,,,,,,,,,,,,,,,,,,,,,,,,,,,
Pumpkin Basket,Misc,18.0,,,,,,,,,,,,,60.0,,,,,,,,,,,,,,,,,,,,,,,,,,,,,,,,
Purple Sunglasses,Attire,,,,,,,,,,,,,,18.0,,,,,,,,,,,,,,,,,,,,,,,,,,,,,,,,
Python Revolver,Gun,,6.0,,,,,,0.6,,2.0,,,,,,,,,,,,,,,,,,,,,,,,,,,,,,,,,,,,
RAND Switch,Electrical,,,,,,,,,,,,,,45.0,,,,,,,,,,,,,,,,,,,,,,,,,,,,,,,,
RF Broadcaster,Electrical,,,,,,,,,,,,,,90.0,,,,,,,,,,,,,,,,,,,,,,,,,,,,,,,,
RF Pager,Electrical,,,,,,,,,,,,,,60.0,,,,,,,,,,,,,,,,,,,,,,,,,,,,,,,,
RF Receiver,Electrical,,,,,,,,,,,,,,90.0,,,,,,,,,,,,,,,,,,,,,,,,,,,,,,,,
RF Transmitter,Tool,,,,,,,,,,,,,,60.0,,,,,,,,,,,,,,,,,,,,,,,,,,,,,,,,
Rabbit Mask,Attire,,,,,,,,,,,,,,,,,,,,6.0,,,,,,,,,,,,,0.6,,,,,,,,,,,,,
Rail Road Planter,Items,,,,,,,,,,,,,,,,,,2.0,120.0,,,,,,,,,,,,,,,,,,,,,,,,,,,
Rat Mask,Attire,,,,,,,,,,,,,,,,,,,,6.0,,,,,,,,,,,,,0.6,,,,,,,,,,,,,
Reactive Target,Electrical,,,,,,,0.6,,,,,,,90.0,,,,,60.0,,,,,,,,,,,,,,,,,,,,,,,,,,,
Rear Seats Vehicle Module,Component,,,,,,,,,,,,,,90.0,,,,,60.0,,,,,,,,,,,,,,,,,,,,,,,,,,,
Red Boomer,Fun,,,,,,,,,,,,,,15.0,18.0,,,,,,,,,,9.0,,,,,,,,,,,,,,,,,,,,,
Red Industrial Wall Light,Electrical,,,,,,,,,,,,,,18.0,,,,,,,,,,,,,,,,,,,,,,,,,,,,,,,,
Red Roman Candle,Fun,,,,,,,,,,,,,,15.0,,,,,,,,,,,6.0,,,,,,,,,,,,,,,,,,,,,
Red Volcano Firework,Fun,,,,,,,,,,,,,,12.0,9.0,,,,,,,,,,,,,,,,,,,,,,,,,,,,,,,
Reindeer Antlers,Attire,,,,,,,,,,,,,,,,,,,,12.0,,,,,,,,,,,,,,,,,,,,,,,,,,
Reinforced Glass Window,Construction,,3.0,,,,,,,,,,,,,,,,,,,,,,,,,,,,,,,,,,,,,,,,,,,,
Repair Bench,Items,,,,,,,,,,,,,,75.0,,,,,,,,,,,,,,,,,,,,,,,,,,,,,,,,
Research Table,Items,,,,,,,,,,,,,,120.0,,,,,,,,,,,,,,,,,,,,,,,,,,,,,,,,
Revolver,Gun,,,,,,,,,,0.6,,,,75.0,,,,,,15.0,,,,,,,,,,,,,,,,,,,,,,,,,,
Rifle Body,Component,30.0,2.0,,,,,,,,,,,,,,,,,,,,,,,,,,,,,,,,,,,,,,,,,,,,
Riot Helmet,Attire,,,,,,,,,,,,,,30.0,,,,,,6.0,,,,,,,,,,,,,,,,,,,,,,,,,,
Road Sign Jacket,Attire,,,,,,,,,,,2.0,,,,,,,,,,2.0,,,,,,12.0,,,,,,,,,,,,,,,,,,,
Road Sign Kilt,Attire,,,,,,,,,,,0.6,,,,,,,,,,2.0,,,,,,6.0,,,,,,,,,,,,,,,,,,,
Road Signs,Component,6.0,2.0,,,,,,,,,,,,,,,,,,,,,,,,,,,,,,,,,,,,,,,,,,,,
Roadsign Gloves,Attire,,,,,,,,,,,0.6,,,,,,,,,,2.0,,,,,,12.0,,,,,,,,,,,,,,,,,,,
Roadsign Horse Armor,Attire,,,,,,,,,,,3.0,,,,,,,,,,2.0,,,,,,,,,,,,,,,,,,,,,,,,,
Rock,Tool,,,,,,,,,,,,,,,,,,,,,,,,,,,,,,6.0,,,,,,,,,,,,,,,,
Rocket,Explosive,,,,,,,,,,2.0,,,,,90.0,,6.0,,,,,,,,,,,,,,,,,,,,,,,,,,,,,
Rocket Launcher,Gun,,24.0,,,,,,,,3.0,,,,,,,,,,,,,,,,,,,,,,,,,,,,,,,,,,,,
Rocking Chair,Items,,,,,,,,,,,,,,,,,,,78.0,,,,,,,,,,,,,,,,,,,,,,,,,,,
Root Combiner,Electrical,,,,,,,,,,,,,,45.0,,,,,,,,,,,,,,,,,,,,,,,,,,,,,,,,
Rope,Component,,,,,,,,,,,,,,,,,,,,18.0,,,,,,,,,,,,,,,,,,,,,,,,,,
Rug,Items,,,,,,,,,,,,,,,,,,,,15.0,,,,,,,,,,,,,,,,,,,,,,,,,,
Rug Bear Skin,Items,,,,,,,,,,,,,,,,,,,,,,,,,,,12.0,,,,,,,,,,,,,,,,,,,
Rustigé Egg - Blue,Misc,,2.0,,,,,,,,,,,,,,,,,,,,,,,,,,,,,,,,,,,,,,,,,,,,
Rustigé Egg - Green,Misc,,2.0,,,,,,,,,,,,,,,,,,,,,,,,,,,,,,,,,,,,,,,,,,,,
Rustigé Egg - Ivory,Misc,,2.0,,,,,,,,,,,,,,,,,,,,,,,,,,,,,,,,,,,,,,,,,,,,
Rustigé Egg - Purple,Misc,,2.0,,,,,,,,,,,,,,,,,,,,,,,,,,,,,,,,,,,,,,,,,,,,
Rustigé Egg - Red,Misc,,2.0,,,,,,,,,,,,,,,,,,,,,,,,,,,,,,,,,,,,,,,,,,,,
Rustigé Egg - White,Misc,,2.0,,,,,,,,,,,,,,,,,,,,,,,,,,,,,,,,,,,,,,,,,,,,
SAM Ammo,Explosive,,,,,,,,,,0.1,,,,,3.0,,,,,,,,,,,,,,,,,,,,,,,,,,,,,,,
SAM Site,Traps,,30.0,,,,,,,,,,,,,,,,,,,,,,,,,,,,,,,,,,,,,,,,,,,,
SKS,Gun,,8.0,,,,0.6,,2.0,,,,,,120.0,,,,,,,,,,,,,,,,,,,,,,,,,,,,,,,,
SMG Body,Component,18.0,2.0,,,,,,,,,,,,,,,,,,,,,,,,,,,,,,,,,,,,,,,,,,,,
Saddle bag,Attire,,,,,,,,,,,,,,,,,,,,,,,,,,,12.0,,,,,,,,,,,,,,,,,,,
Salvaged Axe,Tool,,,,,,,,,,0.6,,3.0,,,,,,,,,,,,,,,,,,,,,,,,,,,,,,,,,,
Salvaged Cleaver,Weapon,,,,,,,,,,,0.6,,,30.0,,,,,,,,,,,,,,,,,,,,,,,,,,,,,,,,
Salvaged Hammer,Tool,,,,,,,,,,0.6,,,,30.0,,,,,,,,,,,,,,,,,,,,,,,,,,,,,,,,
Salvaged Icepick,Tool,,,,,,,,,,0.6,,3.0,,,,,,,,,,,,,,,,,,,,,,,,,,,,,,,,,,
Salvaged Shelves,Items,,,,,,,,,,,,,,30.0,,,,,,,,,,,,,,,,,,,,,,,,,,,,,,,,
Salvaged Sword,Weapon,,,,,,,,,,,,0.6,,9.0,,,,,,,,,,,,,,,,,,,,,,,,,,,,,,,,
Sandbag Barricade,Construction,,,,,,,,,,,,,,,,,,,,6.0,,,,,,,,,,60.0,,,,,,,,,,,,,,,,
Santa Beard,Attire,,,,,,,,,,,,,,,,,,,,6.0,,,,,,,,,,,,,,,,,,,,,,,,,,
Satchel Charge,Tool,,,,,,,,,,,,,,,,,,,,,,,,0.6,,,,,,,,,,,,,,,,,3.0,0.6,,,,
Scarecrow,Items,,,,,,,,,,,,,,,,,,,120.0,6.0,,,,,,,,,,,,,,,,,,,,,,,,,,
Scarecrow Wrap,Attire,,,,,,,,,,,,,,,,,,,,6.0,,,,,,,,,,,,,,,,,,,,,,,,,,
Scientist Suit,Attire,,5.0,,,,,,,,,,,,,,,,3.0,,,2.0,,,,,,,,,,,,,,,,,,,,,,,,,
Search Light,Electrical,,,,,,,,,,,,,,120.0,,,,,300.0,,,,,,,,,,,,,,,,,,,,,,,,,,,
Secretlab Chair,Items,,,,,,,,,,,,,,45.0,,,,,30.0,,,,,,,,,,,,,,,,,,,,,,,,,,,
Seismic Sensor,Electrical,,2.0,0.6,,,,,,,,,,,,,,,,,,,,,,,,,,,,,,,,,,,,,,,,,,,
Semi Automatic Body,Component,18.0,2.0,,,,,,,,,,,,90.0,,,,,,,,,,,,,,,,,,,,,,,,,,,,,,,,
Semi-Automatic Pistol,Gun,,3.0,,,,0.6,,,,0.6,,,,,,,,,,,,,,,,,,,,,,,,,,,,,,,,,,,,
Semi-Automatic Rifle,Gun,,3.0,,,,0.6,,0.6,,,,,,270.0,,,,,,,,,,,,,,,,,,,,,,,,,,,,,,,,
Sewing Kit,Component,,,,,,,,,,,,,,,,,,,,12.0,,,,2.0,,,,,,,,,,,,,,,,,,,,,,
Sheet Metal,Component,9.0,2.0,,,,,,,,,,,,120.0,,,,,,,,,,,,,,,,,,,,,,,,,,,,,,,,
Sheet Metal Door,Construction,,,,,,,,,,,,,,90.0,,,,,,,,,,,,,,,,,,,,,,,,,,,,,,,,
Sheet Metal Double Door,Construction,,,,,,,,,,,,,,120.0,,,,,,,,,,,,,,,,,,,,,,,,,,,,,,,,
Shirt,Attire,,,,,,,,,,,,,,,,,,,,15.0,,,,,,,,,,,,,,,,,,,,,,,,,,
Shop Front,Construction,,,,,,,,,,,,,,,,,,,90.0,,,,,,,,,,,,,,,,,,,,,,,,,,,
Short Ice Wall,Construction,,,,,,,,,,,,,,,,,,,,,,,,,,,,,,180.0,,,,,,,,,,,,,,,,
Shorts,Attire,,,,,,,,,,,,,,,,,,,,18.0,,,,,,,,,,,,,,,,,,,,,,,,,,
Shotgun Trap,Traps,,,,,,,2.0,,,,,,,150.0,,,,,300.0,,,,,2.0,,,,,,,,,,,,,,,,,,,,,,
Shovel,Tool,,,,,,,,,,,,,,15.0,,,,,,,,,,,,,,,,,,,,,,,,,,,,,,,,
Shovel Bass,Fun,,,,,,,,,,,,,,45.0,,,,,30.0,,,,,,,,,,,,,,,,,,,,,,,,,,,
Sickle,Misc,,,,,,,,,,,,,,120.0,,,,,,,,,,,,,,,,,,,,,,,,,,,,,,,,
Silencer,Attachment,,3.0,,,,,,,,,,,,,,,,,,,,,,,,,,,,,,,,,,,,,,,,,,,,
Simple Handmade Sight,Attachment,,4.0,,,,,,,,,,,,,,,,,,,,,,,,,,,,,,,,,,,,,,,,,,,,
Simple Light,Electrical,,,,,,,,,,,,,,15.0,,,,,60.0,,,,,,,,,,,,,,,,,,,,,,,,,,,
Single Horse Saddle,Attire,,,,,,,,,,,3.0,,,,,,,,,,2.0,,,,,,,,,,,,,,,,,,,,,,,,,
Single Sign Post,Items,,,,,,,,,,,,,,,,,,,45.0,,,,,,,,,,,,,,,,,,,,,,,,,,,
Siren Light,Electrical,,,,,,,,,,,,,,72.0,,,,,,,,,,,,,,,,,,,,,,,,,,,,,,,,
Skinning Knife,Weapon,,,,,,,,,,,,,,45.0,,,,,,,,,,,,,,,,,,,,,,,,,,,,,,,,
Skull Door Knocker,Items,,,,,,,,,,,,,,12.0,,,,,,,,,,,,,,,,,,,,,,,,,,,,,,,,
Skull Fire Pit,Items,,,,,,,,,,,,,,,,,,,60.0,,,,,,,,,,,,,,,,,,,,,,,,0.6,,,
Skull Spikes,Fun,,,,,,,,,,,,,,,,,,,90.0,,,,,,,,,,,,,,,,,,,,,,,,0.6,,,
Skull Trophy,Fun,,,,,,,,,,,,,,15.0,,,,,60.0,,,,,,,,,,,,,,,,,,,,,,,,,,,
Sky Lantern,Fun,,,,,,,,,,,,,,,,,,,,6.0,,,,,3.0,,,,,,,,,,,,,,,,,,,,,
Sled,Fun,,,,,,,,,,,,,,,,,,,300.0,,,,,,,,,,,,,,,,,,,,,,,,,,,
Sleeping Bag,Items,,,,,,,,,,,,,,,,,,,,18.0,,,,,,,,,,,,,,,,,,,,,,,,,,
Small Backpack,Attire,,,,,,,,,,,,,,,,,,,,30.0,3.0,,,,,,,,,,,,,,,,,,,,,,,,,
Small Candle Set,Misc,,,,,,,,,,,,,,,,,,,,3.0,,,,,,,,,,,,,,,,,6.0,,,,,,,,,
Small Generator,Electrical,,3.0,,,,,2.0,,,,,,,,,,,,,,,,,,,,,,,,,,,,,,,,,,,,,,,
Small Hunting Trophy,Items,,,,,,,,,,,,,,,,,,,60.0,,,,,,,,,,,,,,,,,,,,,,,,,,,
Small Neon Sign,Electrical,,,,,,,,,,,,,,90.0,,,,,,,,,,,,,,,,,,,,,,,,,,,,,,,,
Small Oil Refinery,Items,,,,,,,,,,,,,,300.0,,,,,120.0,,,,,,150.0,,,,,,,,,,,,,,,,,,,,,
Small Planter Box,Items,,,,,,,,,,,,,,,,,,0.6,60.0,,,,,,,,,,,,,,,,,,,,,,,,,,,
Small Rechargeable Battery,Electrical,,3.0,,,,,,,,,,,,,,,,,,,,,,,,,,,,,,,,,,,,,,,,,,,,
Small Stash,Items,,,,,,,,,,,,,,,,,,,,6.0,,,,,,,,,,,,,,,,,,,,,,,,,,
Small Water Catcher,Construction,,,,,,,,,,,,,,30.0,,,,0.6,60.0,,,,,,,,,,,,,,,,,,,,,,,,,,,
Small Wooden Sign,Items,,,,,,,,,,,,,,,,,,,45.0,,,,,,,,,,,,,,,,,,,,,,,,,,,
Smart Alarm,Electrical,,2.0,0.6,,,,,,,,,,,,,,,,,,,,,,,,,,,,,,,,,,,,,,,,,,,
Smart Switch,Electrical,,2.0,0.6,,,,,,,,,,,,,,,,,,,,,,,,,,,,,,,,,,,,,,,,,,,
Smoke Grenade,Tool,,,,,,,,,,,,,,30.0,21.0,,,,,,,,,,,,,,,,,,,,,,,,,,,,,,,
Smoke Rocket WIP!!!!,Ammunition,,,,,,,,,,,,,,48.0,120.0,,,,,,,,,,15.0,,,,,,,,,,,,,,,,,,,,,
Snap Trap,Traps,,,,,,,0.6,,,,,,,30.0,,,,,,,,,,,,,,,,,,,,,,,,,,,,,,,,
Snow Jacket,Attire,,,,,,,,,,,,,,,,,,,,36.0,0.6,,,,,,,,,,,,,,,,,,,,,,,,,
Snow Machine,Misc,,,,,,,,,,0.6,,,,75.0,,,,,,,,,,,18.0,,,,,,,,,,,,,,,,,,,,,
Snowball Gun,Gun,,15.0,,,,,,,,2.0,,,,,,,,,,,,,,,,,,,,,,,,,,,,,,,,,,,,
Snowman,Items,,,,,,,,,,,,,,12.0,,,,,,12.0,,,,,,,,,,,,,,,30.0,,,,,,,,,,,
Snowman Helmet,Attire,,,,,,,,,,,,,,,,,,,,6.0,,,,,,,,,,,,,,,,,,,,,,,,,,
Sofa,Items,,,,,,,,,,,,,,,,,,,60.0,18.0,,,,,,,,,,,,,,,,,,,,,,,,,,
Sofa - Pattern,Items,,,,,,,,,,,,,,,,,,,60.0,18.0,,,,,,,,,,,,,,,,,,,,,,,,,,
Sound Light,Fun,,,,,,,,,,,,,,60.0,,,,,,,,,,,,,,,,,,,,,,,,,,,,,,,,
Sousaphone,Fun,,,,,,,,,,,,,,60.0,,,,,,,,,,,,,,,,,,,,,,,,,,,,,,,,
Spas-12 Shotgun,Gun,,12.0,,,,,,2.0,,3.0,,,,,,,,,,,,,,,,,,,,,,,,,,,,,,,,,,,,
Speargun,Weapon,,,,,,,,,,,,,0.6,45.0,,,,,,,,,,,,,,,,,,,,,,,,,,,,,,,,
Speargun Spear,Ammunition,,,,,,,,,,,,,,10.0,,,,,,,,,,,,,,,,,,,,,,,,,,,,,,,,
Spinning wheel,Items,,,,,,,,,,,,,,90.0,,,,,,,,,,,,,,,,,,,,,,,,,,,,,,,,
Splitter,Electrical,,,,,,,,,,,,,,60.0,,,,,,,,,,,,,,,,,,,,,,,,,,,,,,,,
Spooky Speaker,Misc,,,,,,,,,,,,,,60.0,,,,,240.0,12.0,,,,,,,,,,,,,,,,,,,,,,,,,,
Spray Can,Tool,,,,,,,,,,,,,,60.0,,,,,,,,,,,,,,,,,,,,,,,,,,,,,,,,
Sprinkler,Electrical,,,,,,,,,,,,,,45.0,,,,,,,,,,,,,,,,,,,,,,,,,,,,,,,,
Star Tree Topper,Misc,12.0,,,,,,,,,,,,,90.0,,,,,,,,,,,,,,,,,,,,,,,,,,,,,,,,
Sticks,Component,,,,,,,,,,,,,,,,,,,12.0,,,,,,,,,,,,,,,,,,,,,,,,,,,
Stone Barricade,Construction,,,,,,,,,,,,,,,,,,,,,,,,,,,,,,60.0,,,,,,,,,,,,,,,,
Stone Fireplace,Items,,,,,,,,,,,,,,,,,,,120.0,,,,,,,,,,,300.0,,,,,,,,,,,,,,,,
Stone Hatchet,Tool,,,,,,,,,,,,,,,,,,,120.0,,,,,,,,,,,60.0,,,,,,,,,,,,,,,,
Stone Pickaxe,Tool,,,,,,,,,,,,,,,,,,,120.0,,,,,,,,,,,60.0,,,,,,,,,,,,,,,,
Stone Spear,Weapon,,,,,,,,,,,,,,,,,,,,,,,,,,,,,,12.0,,,,,,,,,,,,,,0.6,,
Storage Adaptor,Electrical,,,,,,,,,,,,,,60.0,,,,,,,,,,,,,,,,,,,,,,,,,,,,,,,,
Storage Barrel Horizontal,Items,,,,,,,,,,,,,,45.0,,,,,180.0,,,,,,,,,,,,,,,,,,,,,,,,,,,
Storage Barrel Vertical,Items,,,,,,,,,,,,,,45.0,,,,,180.0,,,,,,,,,,,,,,,,,,,,,,,,,,,
Storage Monitor,Electrical,,2.0,0.6,,,,,,,,,,,,,,,,,,,,,,,,,,,,,,,,,,,,,,,,,,,
Storage Vehicle Module,Component,,,,,,,,,,,,,,30.0,,,,,75.0,,,,,,,,,,,,,,,,,,,,,,,,,,,
Strengthened Glass Window,Construction,,,,,,,,,,,,,,30.0,,,,,,,,,,,,,,,,,,,,,,,,,,,,,,,,
Strobe Light,Misc,,2.0,,,,,,,,,,,,60.0,,,,,,,,,,,,,,,,,,,,,,,,,,,,,,,,
Sunglasses,Attire,,,,,,,,,,,,,,18.0,,,,,,,,,,,,,,,,,,,,,,,,,,,,,,,,
Surgeon Scrubs,Attire,,,,,,,,,,,,,,,,,,,,36.0,2.0,,,,,,,,,,,,,,,,,,,,,,,,,
Survey Charge,Tool,,,,,,,,,,,,,,6.0,18.0,,,,,3.0,,,,,12.0,,,,,,,,,,,,,,,,,,,,,
Survival Fish Trap,Items,,,,,,,,,,,,,,,,,,,120.0,3.0,,,,,,,,,,,,,,,,,,,,,,,,,,
Switch,Electrical,,,,,,,,,,,,,,60.0,,,,,,,,,,,,,,,,,,,,,,,,,,,,,,,,
T-Shirt,Attire,,,,,,,,,,,,,,,,,,,,15.0,,,,,,,,,,,,,,,,,,,,,,,,,,
Table,Items,,,,,,,,,,,,,,,,,,,60.0,,,,,,,,,,,,,,,,,,,,,,,,,,,
Tactical Gloves,Attire,,,,,,,,,,,,,,,,,,,,,6.0,,,,,,12.0,,,,,,,,,,,,,,,,,,,
Tall Picture Frame,Items,,,,,,,,,,,,,,,,,,,90.0,6.0,,,,,,,,,,,,,,,,,,,,,,,,,,
Tall Weapon Rack,Items,,,,,,,,,,,,,,105.0,,,,,60.0,,,,,,,,,,,,,,,,,,,,,,,,,,,
Tank Top,Attire,,,,,,,,,,,,,,,,,,,,12.0,,,,,,,,,,,,,,,,,,,,,,,,,,
Targeting Computer,Resources,,2.0,3.0,,,,,,,,,,,60.0,,,,,,,,,,,,,,,,,,,,,,,,,,,,,,,,
Tarp,Component,,,,,,,,,,,,,,,,,,,,60.0,,,,,,,,,,,,,,,,,,,,,,,,,,
Taxi Vehicle Module,Component,,3.0,,,,,,,,,,,,105.0,,,,,75.0,,,,,,,,,,,,,,,,,,,,,,,,,,,
Tech Trash,Component,24.0,2.0,,,,,,,,,,,,,,,,,,,,,,,,,,,,,,,,,,,,,,,,,,,,
Telephone,Fun,,,0.6,,,,,,,,,,,60.0,,,,,30.0,,,,,,,,,,,,,,,,,,,,,,,,,,,
Tesla Coil,Electrical,,2.0,0.6,,,,,,,,,,,,,,,,,,,,,,,,,,,,,,,,,,,,,,,,,,,
Test Generator,Electrical,,15.0,,,,,3.0,,,2.0,,,,,,,,,,,,,,,,,,,,,,,,,,,,,,,,,,,3.0,
Thompson,Gun,,6.0,,,0.6,,,0.6,,,,,,,,,,,60.0,,,,,,,,,,,,,,,,,,,,,,,,,,,
Tiger Mask,Attire,,,,,,,,,,,,,,,,,,,,6.0,,,,,,,,,,,,,0.6,,,,,,,,,,,,,
Timed Explosive Charge,Tool,,,2.0,,,,,,,,,,,,,,12.0,,,3.0,,,,,,,,,,,,,,,,,,,,,,,,,,
Timer,Electrical,,,,,,,,,,,,,,45.0,,,,,,,,,,,,,,,,,,,,,,,,,,,,,,,,
Tin Can Alarm,Traps,,,,,,,,,,,,,,18.0,,,,,60.0,,,,,0.6,,,,,,,,,,,,,,,,,,,,,,
Tool Cupboard,Construction,,,,,,,,,,,,,,,,,,,600.0,,,,,,,,,,,,,,,,,,,,,,,,,,,
Torch,Tool,,,,,,,,,,,,,,,,,,,18.0,0.6,,,,,0.6,,,,,,,,,,,,,,,,,,,,,
Torch Holder,Items,,,,,,,,,,,,,,6.0,,,,,24.0,,,,,,,,,,,,,,,,,,,,,,,,,,,
Torpedo,Ammunition,,,,,,,,,,0.12,,,,,4.0,,,,,,,,,,,,,,,,,,,,,,,,,,,,,,,
Tree Lights,Misc,30.0,,,,,,,,,,,,,90.0,,,,,,,,,,,,,,,,,,,,,,,,,,,,,,,,
Triangle Ladder Hatch,Construction,,,,,,,2.0,,,,,,,180.0,,,,,,,,,,,,,,,,,,,,,,,,,0.6,,,,,,,
Tuna Can Lamp,Items,,,,,,,,,,,,,,,,,,,12.0,,,,,,6.0,,,,,,,,,,,,,,,,,,,,,0.6
Twitch Rivals Trophy,Items,,,,,,,,,,,,,,30.0,,,,,,,,,,,,,,,,,,,,,,,,,,,,,,,,
Twitch Rivals Trophy 2023,Items,,,,,,,,,,,,,,30.0,,,,,,,,,,,,,,,,,,,,,,,,,,,,,,,,
Two Sided Hanging Sign,Items,,,,,,,,,,,,,,90.0,,,,,,,,,,,,,,,,,,,,,,,,,,,,,,,,
Two Sided Ornate Hanging Sign,Items,,,,,,,,,,,,,,60.0,,,,,,,,,,,,,,,,,,,,,,,,,,,,,,,,
Two Sided Town Sign Post,Items,,,,,,,,,,,,,,30.0,,,,,60.0,,,,,,,,,,,,,,,,,,,,,,,,,,,
Vampire Stake,Weapon,,,,,,,,,,,,,,,,,,,60.0,,,,,,,,,,,,,,,,,,,,,,,,,,,
Variable Zoom Scope,Attachment,,48.0,,,,,,,,,,,,,,,,,,,,,,,,,,,,,,,,,,,,,,,,,,,,
Vending Machine,Items,,12.0,,,,,2.0,,,,,,,,,,,,,,,,,,,,,,,,,,,,,,,,,,,,,,,
Violet Boomer,Fun,,,,,,,,,,,,,,15.0,18.0,,,,,,,,,,9.0,,,,,,,,,,,,,,,,,,,,,
Violet Roman Candle,Fun,,,,,,,,,,,,,,15.0,,,,,,,,,,,6.0,,,,,,,,,,,,,,,,,,,,,
Violet Volcano Firework,Fun,,,,,,,,,,,,,,12.0,9.0,,,,,,,,,,,,,,,,,,,,,,,,,,,,,,,
Wallpaper,Items,,,,,,,,,,,,,,,,,,,,3.0,,,,,,,,,,,,,,,,,,,,,,,,,,
Wanted Poster,Items,,,,,,,,,,,,,,,,,,,12.0,,,,,,,,,,,,,,,,,,,,,,,,,,,
Watch Tower,Construction,,,,,,,,,,,,,,,,,,,150.0,,,,,,,,,,,,,,,,,,,,,,,,,,,
Water Barrel,Items,,,,,,,,,,,,,,,,,,0.6,150.0,,,,,,,,,,,,,,,,,,,,,,,,,,,
Water Bucket,Tool,,,,,,,,,,,,,,12.0,,,,,,,,,,,,,,,,,,,,,,,,,,,,,,,,
Water Gun,Fun,,,,,,,,,,,,,,75.0,,,,,,,,,,,,,,,,,,,,,,,,,,,,,,,,
Water Jug,Food,,,,,,,,,,,,,,60.0,,,,,,,,,,,,,,,,,,,,,,,,,,,,,,,,
Water Pistol,Fun,,,,,,,,,,,,,,45.0,,,,,,,,,,,,,,,,,,,,,,,,,,,,,,,,
Water Pump,Electrical,,,,,,,0.6,,,,,,,120.0,,,,,150.0,,,,,,,,,,,,,,,,,,,,,,,,,,,
Water Purifier,Items,,,,,,,,,,,,,0.6,9.0,,,,,,6.0,,,,,,,,,,,,,,,,,,,,,,,,,,
Waterpipe Shotgun,Gun,,,,,,,,,,,,,,45.0,,,,,90.0,,,,,,,,,,,,,,,,,,,,,,,,,,,
Waterwell NPC Jumpsuit,Attire,,,,,,,,,,,,,,,,,,,,30.0,,,,,,,,,,,,,,,,,,,,,,,,,,
Weapon Lasersight,Attachment,,2.0,0.6,,,,,,,,,,,,,,,,,,,,,,,,,,,,,,,,,,,,,,,,,,,
Weapon Rack Stand,Items,,,,,,,,,,,,,,45.0,,,,,120.0,,,,,,,,,,,,,,,,,,,,,,,,,,,
Weapon flashlight,Attachment,,2.0,,,,,,,,,,,,,,,,,,,,,,,,,,,,,,,,,,,,,,,,,,,,
Wetsuit,Attire,,,,,,,,,,,,,,45.0,,,,,,,,,,,,,,,,,,,,,,,,,,,,,,,,
Wheelbarrow Piano,Fun,,,,,,,,,,,,,,60.0,,,,,120.0,,,,,,,,,,,,,,,,,,,,,,,,,,,
White Volcano Firework,Fun,,,,,,,,,,,,,,12.0,9.0,,,,,,,,,,,,,,,,,,,,,,,,,,,,,,,
Wide Weapon Rack,Items,,,,,,,,,,,,,,105.0,,,,,60.0,,,,,,,,,,,,,,,,,,,,,,,,,,,
Wind Turbine,Electrical,,6.0,,,,,2.0,,2.0,,,,,,,,,,300.0,,,,,,,,,,,,,,,,,,,,,,,,,,,
Wire Tool,Electrical,,2.0,,,,,,,,,,,,,,,,,,,,,,,,,,,,,,,,,,,,,,,,,,,,
Wolf Headdress,Attire,,,,,,,,,,,,,,,,,,,,6.0,,,,,,,,,,,,,0.6,,,,,,,,,,,,,
Wood Armor Helmet,Attire,,,,,,,,,,,,,,,,,,,120.0,9.0,,,,,,,,,,,,,,,,,,,,,,,,,,
Wood Armor Pants,Attire,,,,,,,,,,,,,,,,,,,120.0,,,,,0.6,,,,,,,,,,,,,,,,,,,,,,
Wood Chestplate,Attire,,,,,,,,,,,,,,,,,,,180.0,,,,,0.6,,,,,,,,,,,,,,,,,,,,,,
Wood Double Door,Construction,,,,,,,,,,,,,,,,,,,210.0,,,,,,,,,,,,,,,,,,,,,,,,,,,
Wood Shutters,Construction,,,,,,,,,,,,,,,,,,,120.0,,,,,,,,,,,,,,,,,,,,,,,,,,,
Wood Storage Box,Items,,,,,,,,,,,,,,,,,,,60.0,,,,,,,,,,,,,,,,,,,,,,,,,,,
Wooden Arrow,Ammunition,,,,,,,,,,,,,,,,,,,8.0,,,,,,,,,,,3.0,,,,,,,,,,,,,,,,
Wooden Barricade,Construction,,,,,,,,,,,,,,,,,,,180.0,,,,,0.6,,,,,,,,,,,,,,,,,,,,,,
Wooden Barricade Cover,Construction,,,,,,,,,,,,,,,,,,,150.0,,,,,,,,,,,,,,,,,,,,,,,,,,,
Wooden Cross,Misc,,,,,,,,,,,,,,,,,,,240.0,,,,,,,,,,,,,,,,,,,,,,,,,,,
Wooden Door,Construction,,,,,,,,,,,,,,,,,,,180.0,,,,,,,,,,,,,,,,,,,,,,,,,,,
Wooden Floor Spikes,Traps,,,,,,,,,,,,,,,,,,,90.0,,,,,,,,,,,,,,,,,,,,,,,,,,,
Wooden Frontier Bar Doors,Construction,,,,,,,,,,,,,,,,,,,120.0,,,,,,,,,,,,,,,,,,,,,,,,,,,
Wooden Horse Armor,Attire,,,,,,,,,,,,,,,,,,,180.0,,,,,2.0,,,,,,,,,,,,,,,,,,,,,,
Wooden Ladder,Construction,,,,,,,,,,,,,,,,,,,180.0,,,,,2.0,,,,,,,,,,,,,,,,,,,,,,
Wooden Spear,Weapon,,,,,,,,,,,,,,,,,,,180.0,,,,,,,,,,,,,,,,,,,,,,,,,,,
Wooden Window Bars,Construction,,,,,,,,,,,,,,,,,,,30.0,,,,,,,,,,,,,,,,,,,,,,,,,,,
Workbench Level 1,Items,,,,,,,,,,,,,,60.0,,,,,300.0,,,,,,,,,,,,,,,,,,,,,,,,,,,
Workbench Level 2,Items,,12.0,,,,,,,,,,,,300.0,,,,,,,,,,,,,,,,,,,,,,,,,,,,,,,,
Workbench Level 3,Items,,60.0,,,,,,,,,,,,600.0,,,,,,,,,,,,,,,,,,,,,,,,,,,,,,,,
XL Picture Frame,Items,,,,,,,,,,,,,,,,,,,90.0,9.0,,,,,,,,,,,,,,,,,,,,,,,,,,
XOR Switch,Electrical,,,,,,,,,,,,,,60.0,,,,,,,,,,,,,,,,,,,,,,,,,,,,,,,,
XXL Picture Frame,Items,,,,,,,,,,,,,,,,,,,105.0,18.0,,,,,,,,,,,,,,,,,,,,,,,,,,
Xylobone,Fun,,,,,,,,,,,,,,,,,,,,,,,,,,30.0,,,,,,,,,,,,,,,,,,,,
